basics,stl,sorting,searching,graphs,trees,dynamic programming,number theory,dsa_score
100,79,86,70,90,73,73,73,53
83,78,72,70,80,69,75,70,62
96,83,84,53,98,67,82,70,59
98,75,76,64,84,82,85,81,65
92,72,73,64,90,70,86,73,75
91,83,71,67,95,77,82,75,71
87,74,89,61,92,83,79,77,71
92,84,79,52,84,76,76,85,70
98,78,84,51,93,70,87,66,63
86,80,82,55,85,66,87,83,51
82,69,72,69,97,68,73,75,59
91,81,73,50,84,74,77,83,61
80,67,73,63,98,68,86,66,60
82,74,85,53,80,80,82,74,62
91,85,74,58,80,77,83,70,66
84,72,80,65,92,65,79,78,50
96,74,90,52,80,82,74,72,65
82,85,75,67,85,65,77,74,65
98,81,72,57,97,67,72,67,56
81,83,84,51,85,66,84,74,68
94,68,75,56,92,67,71,78,70
91,65,71,63,98,83,71,70,50
81,84,80,56,85,73,75,66,63
84,70,78,53,92,74,76,81,70
94,71,70,51,81,76,77,69,57
90,68,88,56,84,67,85,74,51
99,70,73,59,92,83,70,69,61
84,74,90,51,88,83,87,74,70
81,75,75,65,93,75,71,70,50
83,84,75,68,92,84,69,83,68
87,75,85,61,92,83,73,82,54
83,75,89,54,96,76,80,67,55
100,81,73,57,97,82,78,80,71
98,67,81,52,80,81,68,72,60
81,80,74,60,86,68,80,76,66
99,70,74,61,89,78,84,70,71
100,78,79,60,100,74,84,69,70
98,82,71,65,87,74,72,72,60
98,72,74,58,85,69,81,78,61
88,83,89,61,81,81,69,77,65
98,83,89,51,100,79,73,77,55
91,74,90,66,99,77,87,74,70
94,66,80,66,85,79,71,78,67
88,75,71,60,99,74,83,80,71
91,80,79,63,89,67,84,69,57
99,83,72,60,99,84,81,78,73
87,81,83,62,81,73,86,65,53
91,77,70,55,90,76,74,68,56
88,72,74,70,91,72,74,67,53
90,67,77,69,94,78,85,83,73
88,84,90,63,95,69,84,68,70
93,80,78,63,100,66,70,77,54
86,82,80,52,96,75,88,74,74
86,75,77,59,92,84,76,69,56
80,74,86,69,95,66,85,83,63
89,77,73,57,98,66,76,76,60
95,71,86,57,82,72,70,79,56
97,75,82,53,96,71,73,72,63
84,79,89,69,86,78,77,74,73
89,84,77,51,99,81,78,75,73
94,71,85,52,86,67,87,74,50
83,68,85,58,100,82,71,68,53
81,82,79,57,84,78,87,74,60
80,76,76,58,93,79,73,66,50
80,66,88,50,92,68,78,75,54
83,71,76,67,87,81,71,67,56
99,78,86,59,86,73,68,78,66
94,79,89,51,86,74,72,73,62
93,77,71,58,82,76,72,67,60
99,81,74,52,95,79,74,66,52
86,76,87,52,99,75,79,70,73
83,67,88,61,92,80,79,85,75
91,78,79,65,92,77,82,80,75
92,80,74,66,81,84,79,74,65
90,78,70,70,83,71,88,65,61
84,73,84,54,93,76,82,85,71
84,65,73,54,82,79,84,84,69
80,83,74,66,86,69,69,69,66
98,66,77,57,91,84,80,79,70
85,66,78,53,85,81,84,65,69
93,70,90,52,94,67,75,78,50
92,69,81,68,81,82,69,71,52
91,69,73,51,86,70,85,71,73
93,84,83,66,90,65,87,82,54
97,65,73,57,84,67,87,75,60
82,71,72,60,96,65,70,69,64
98,81,79,65,90,84,84,69,56
83,70,78,68,98,78,83,68,57
87,77,88,52,87,85,86,77,70
87,67,75,62,82,84,75,83,69
98,84,89,58,88,71,69,80,51
99,68,84,65,94,69,75,79,59
90,79,80,54,82,65,86,82,66
92,70,82,54,92,68,81,68,64
100,73,90,55,93,76,88,67,60
81,85,86,55,87,77,74,80,50
95,75,90,50,98,75,81,74,72
83,82,74,70,97,81,77,83,70
88,84,80,63,80,85,77,79,61
90,68,77,65,80,68,73,67,50
94,78,79,68,97,72,72,85,68
100,69,73,63,100,83,85,73,75
85,72,88,65,100,65,87,77,57
84,72,86,62,92,67,75,75,64
86,76,76,52,91,70,77,78,73
95,76,76,60,88,85,88,72,73
100,81,90,65,88,76,82,67,57
93,71,86,54,89,85,69,80,56
82,85,86,63,80,69,72,81,66
82,67,76,64,97,75,80,69,61
95,78,81,52,98,80,84,78,70
88,71,74,67,94,83,70,78,65
90,69,80,52,90,81,69,67,66
82,80,75,60,97,75,72,71,53
86,76,84,57,94,73,78,81,73
95,75,75,64,93,83,75,77,72
94,79,88,54,83,66,83,67,69
89,68,75,60,80,83,80,77,54
84,74,89,52,94,77,71,69,62
80,72,78,62,96,67,74,75,62
85,80,78,53,84,70,73,71,52
92,72,81,68,98,75,84,77,72
80,65,79,70,83,76,79,78,57
92,81,70,58,83,85,78,79,53
94,71,79,51,91,79,86,72,73
100,74,90,62,89,78,82,74,73
94,69,73,60,94,70,82,74,73
81,76,87,54,85,78,88,83,72
90,67,83,65,80,77,80,83,68
100,78,80,69,97,72,69,84,67
81,72,78,57,90,76,72,83,59
89,74,79,51,92,85,83,76,73
100,77,73,57,92,76,88,82,75
87,71,83,68,88,75,72,82,55
93,66,85,51,89,74,76,71,72
93,79,77,58,87,79,72,78,68
90,74,79,50,84,69,85,82,51
86,73,72,60,86,81,85,65,51
95,71,88,50,87,69,87,84,69
90,70,83,68,86,71,74,85,66
85,74,73,51,82,77,76,68,64
90,67,78,70,91,76,82,69,52
82,79,76,66,95,75,68,74,55
83,77,78,50,82,68,81,73,54
96,66,72,60,98,76,68,68,59
81,71,81,56,99,77,79,79,74
81,76,78,59,81,82,68,77,67
94,67,77,52,92,85,82,75,73
98,81,84,55,91,75,80,71,75
89,74,76,59,93,72,83,70,72
81,80,72,67,98,67,72,84,58
93,79,76,70,93,79,73,84,62
80,84,86,54,95,65,70,75,55
99,74,74,62,84,73,68,78,50
80,82,72,59,92,69,68,67,61
94,73,75,50,92,65,68,72,69
99,70,84,60,83,67,70,74,57
90,65,75,50,91,71,83,84,71
82,66,89,57,85,76,68,77,56
94,83,78,61,85,82,75,68,60
91,79,78,50,99,79,75,72,72
99,80,83,70,87,73,80,73,70
87,66,82,51,93,74,69,79,60
92,78,89,53,85,72,69,76,54
91,70,84,62,81,74,72,69,60
96,71,80,70,90,77,85,65,57
95,69,80,63,84,76,71,75,58
97,76,75,55,86,82,71,83,65
85,80,71,58,97,84,80,85,74
89,84,81,65,83,65,76,67,53
89,78,86,65,88,69,75,85,62
94,65,79,57,84,75,86,66,53
81,79,87,63,100,66,69,74,53
90,77,85,55,86,71,72,85,66
97,73,74,53,89,74,69,83,64
98,68,84,65,98,72,81,65,67
86,76,73,53,80,79,80,73,60
85,66,90,69,94,83,80,72,70
91,78,73,50,89,75,71,77,50
80,69,71,57,89,67,86,80,66
97,69,84,52,95,74,87,68,56
95,67,78,57,87,78,87,79,75
87,85,79,58,100,84,78,72,73
89,65,88,62,86,75,80,81,72
92,82,77,56,92,82,81,79,72
89,81,79,69,83,71,84,80,58
100,66,72,58,96,66,68,81,56
80,70,74,61,84,85,75,79,70
81,75,82,54,86,70,80,77,74
89,77,86,66,88,80,82,84,75
90,83,87,67,100,74,85,67,67
82,68,83,63,88,78,87,72,74
82,68,80,53,87,76,87,84,71
83,73,79,58,84,66,85,83,63
95,79,83,69,80,75,81,65,52
95,85,71,68,85,83,80,69,59
90,77,82,69,89,66,86,82,51
85,82,86,63,92,78,85,81,75
95,75,84,59,98,70,84,73,72
94,73,73,51,80,70,84,80,54
89,73,72,69,91,78,80,76,72
99,84,70,56,86,77,82,67,64
81,76,70,67,89,81,79,85,73
80,65,79,54,99,70,77,67,50
82,75,71,54,95,80,88,70,75
95,79,82,67,81,81,71,70,66
92,81,74,63,90,72,83,65,65
93,68,74,58,90,82,70,81,59
83,77,79,56,98,77,83,75,71
82,80,84,70,96,85,80,76,73
81,78,74,70,98,75,87,74,75
94,65,88,57,86,83,72,65,52
95,65,78,66,87,74,71,74,57
87,71,71,64,91,81,77,65,69
84,75,88,50,92,73,82,68,61
100,80,80,68,87,85,86,81,72
95,81,87,60,80,79,70,83,58
86,68,72,64,97,82,74,69,56
99,78,80,55,80,70,77,79,61
97,78,90,59,100,68,80,69,60
92,73,79,52,95,73,80,70,75
81,83,87,57,86,75,75,70,71
86,77,86,53,97,85,72,76,52
99,65,90,65,93,67,73,76,59
88,71,80,69,95,82,78,78,71
90,75,90,62,88,69,74,76,59
88,70,86,68,88,66,83,77,53
95,65,81,62,81,68,68,80,57
86,82,82,59,91,66,78,69,67
88,80,89,70,89,80,76,77,73
81,65,90,63,81,78,69,73,51
97,85,70,53,80,77,74,80,54
100,81,77,69,82,75,80,68,61
82,68,70,56,81,77,70,69,53
86,85,76,50,94,77,69,75,62
89,77,84,64,93,77,72,75,68
84,80,90,53,91,71,70,70,51
85,77,88,52,88,75,71,71,52
80,65,71,55,88,70,78,67,50
80,69,78,67,89,83,85,84,74
93,70,82,64,98,83,76,72,71
80,73,73,62,94,65,82,71,50
95,69,80,52,89,74,72,81,68
81,83,89,52,80,69,80,80,66
99,79,75,60,82,83,76,82,67
86,68,71,65,95,71,82,78,75
83,71,76,54,93,79,75,83,74
94,70,78,68,100,76,85,67,62
95,80,77,69,92,65,69,65,53
84,81,83,58,91,79,78,79,70
85,76,71,50,88,72,81,65,56
81,78,76,51,90,73,78,79,72
92,76,86,55,95,68,80,82,64
88,82,71,68,90,78,88,65,53
82,68,78,54,100,71,85,83,75
99,65,78,55,97,72,74,83,69
86,80,82,57,92,82,82,73,73
86,83,72,53,86,65,79,83,64
87,80,84,68,85,80,77,80,75
93,82,75,54,97,72,76,81,72
98,67,89,66,97,65,88,82,56
93,85,81,65,95,82,68,66,55
99,67,82,68,96,68,73,82,65
97,81,70,52,91,80,72,85,58
80,69,72,58,90,66,71,80,64
91,65,85,66,84,68,68,75,68
80,79,90,63,91,71,70,81,66
87,67,87,63,90,75,73,69,54
87,76,87,51,84,69,68,71,50
95,70,89,54,87,78,87,84,73
88,81,76,59,98,66,84,75,56
100,71,71,56,96,67,81,76,52
90,73,73,51,87,79,68,84,63
88,76,82,54,87,74,80,85,71
81,66,90,50,86,82,69,70,56
90,71,78,64,99,78,69,75,61
93,82,75,57,80,68,72,69,66
93,85,79,50,91,67,77,79,50
90,69,80,61,87,83,77,70,71
85,68,87,56,86,65,87,73,58
94,82,80,63,96,82,83,81,74
81,83,87,62,81,80,69,71,61
96,75,80,51,82,69,76,67,61
83,72,78,56,90,79,87,71,73
94,70,70,57,90,67,83,68,59
95,67,90,67,90,71,73,83,51
93,67,74,67,94,82,80,76,72
93,84,72,54,83,85,80,84,69
94,79,83,54,83,72,72,72,60
98,66,76,66,94,66,72,66,51
92,78,70,70,94,71,76,79,72
98,78,79,65,85,85,69,67,67
82,74,71,69,89,66,84,70,64
98,75,75,70,90,75,84,79,71
88,65,90,66,93,76,68,78,70
87,70,73,67,97,76,70,70,70
99,79,74,65,92,79,80,73,72
88,74,87,66,86,76,69,73,68
89,68,76,63,83,78,83,74,68
80,82,84,66,83,82,71,85,70
81,84,76,60,90,69,76,70,65
97,70,89,67,80,73,75,77,64
94,82,77,60,91,82,76,79,75
94,66,83,55,89,80,76,76,75
81,72,81,50,80,79,74,68,68
86,77,86,55,96,85,68,84,63
89,73,77,64,100,70,76,74,71
82,81,87,59,95,82,78,84,73
93,75,75,68,80,78,79,75,53
80,70,70,66,94,75,81,73,73
97,84,79,59,85,72,70,69,69
91,73,82,52,91,85,81,67,69
93,85,84,50,100,68,78,71,57
87,69,82,66,86,68,85,73,64
91,66,87,51,88,78,69,69,55
96,81,89,55,100,78,86,76,75
93,82,90,55,97,72,76,71,72
92,66,83,61,94,75,83,70,73
92,66,70,66,91,83,70,83,52
94,66,73,68,85,72,85,70,74
82,71,84,60,97,67,76,71,58
80,81,89,62,92,79,72,69,52
96,81,70,51,100,75,82,85,70
85,82,74,52,99,85,83,80,71
100,80,78,50,88,66,68,76,70
96,68,89,57,98,80,68,68,53
99,65,70,50,87,78,77,65,69
84,85,79,51,84,65,72,79,61
81,81,77,59,84,67,79,73,61
97,66,87,60,94,68,73,78,56
93,67,75,69,95,84,82,69,64
99,68,74,67,95,67,75,74,54
84,78,78,53,83,84,84,85,53
88,77,90,68,92,68,75,76,53
94,72,80,59,85,68,86,67,53
90,72,82,51,88,67,74,70,66
94,66,74,65,81,82,79,85,60
90,85,90,61,86,78,72,75,53
87,81,83,53,88,67,88,77,70
84,66,72,55,80,83,76,78,54
91,70,81,55,98,72,70,83,63
90,72,73,55,83,78,82,66,65
99,69,85,68,87,85,86,84,71
87,74,88,68,95,68,83,75,64
96,71,79,66,94,85,78,79,72
91,80,78,62,91,67,76,71,67
99,84,74,64,89,83,86,76,72
80,73,74,56,90,81,79,70,74
96,75,83,56,98,66,70,66,65
86,78,75,61,86,71,76,85,70
85,69,86,62,86,85,85,67,67
92,65,85,61,98,84,72,75,69
87,81,86,51,82,75,76,73,63
86,70,78,53,89,67,87,76,62
84,78,73,70,97,82,68,76,58
81,78,81,55,85,71,85,76,70
91,71,90,50,99,69,85,85,63
97,80,72,61,93,67,71,77,66
87,81,76,62,97,77,84,82,70
99,71,75,51,99,65,88,69,53
83,67,85,70,97,81,88,74,71
94,65,89,50,89,84,80,77,70
87,81,82,50,98,65,73,77,53
91,78,89,61,90,77,85,82,73
85,66,73,67,85,78,73,76,61
93,80,85,56,97,75,88,72,72
87,73,86,69,84,81,84,82,60
96,82,86,65,88,74,81,80,70
88,83,71,55,95,72,87,67,67
81,75,78,55,88,80,88,82,75
95,75,72,64,84,68,84,73,57
94,71,74,63,91,83,74,65,52
82,82,89,51,91,83,88,69,65
84,71,90,69,93,67,77,68,55
80,67,70,60,97,69,78,68,64
81,66,82,64,100,77,69,65,70
95,75,90,59,90,76,74,79,67
92,68,84,62,92,79,75,81,71
80,74,75,70,89,74,73,67,58
95,66,76,59,97,71,75,71,74
88,79,86,58,90,65,82,85,60
98,65,72,57,82,78,83,74,60
84,68,77,61,83,67,78,66,55
86,73,74,68,93,82,84,80,74
89,71,87,66,100,69,73,81,56
89,79,90,69,99,79,78,71,71
91,70,70,56,80,77,83,83,52
92,70,87,68,94,69,78,75,53
82,79,73,58,87,68,78,78,64
90,65,70,61,97,85,68,78,59
88,79,76,57,85,70,87,70,75
86,74,76,60,86,84,87,83,71
83,65,82,60,89,78,77,79,73
96,66,88,60,88,66,88,78,54
89,71,86,60,94,84,87,71,73
89,77,78,52,92,66,82,74,52
81,83,77,69,92,76,80,81,70
90,74,77,56,82,79,79,85,59
97,69,86,62,88,69,82,78,60
93,65,84,66,83,74,81,84,56
98,82,89,58,88,79,71,72,67
85,67,85,67,99,69,88,66,67
91,83,82,64,92,72,77,76,73
94,66,80,60,97,65,78,67,70
84,85,90,68,81,77,85,67,64
89,82,72,52,92,85,85,85,71
94,68,74,62,98,75,87,69,67
91,65,89,64,92,82,75,66,69
95,76,81,61,93,83,80,80,73
83,75,72,69,92,67,74,76,63
80,71,85,62,96,66,75,72,54
85,85,87,65,98,77,82,75,75
90,83,90,68,96,68,77,67,59
92,80,70,68,94,84,71,74,52
89,74,89,59,80,66,84,79,59
100,68,90,55,81,79,83,71,57
94,67,83,63,84,78,70,70,50
89,83,78,59,89,72,72,71,66
97,77,74,50,85,77,76,82,72
94,83,82,56,80,66,87,70,55
86,69,71,54,84,79,76,76,55
98,85,79,57,94,77,81,77,71
92,66,84,60,82,85,73,79,57
91,72,86,63,80,80,88,77,61
88,80,71,56,84,85,77,68,52
93,73,75,65,87,82,84,84,72
98,84,70,69,95,80,80,72,71
91,68,75,66,87,75,69,76,50
87,72,71,66,91,71,84,85,75
80,83,80,64,94,65,86,76,65
97,79,89,64,89,66,84,69,55
88,65,74,64,85,69,87,71,54
92,66,89,52,87,68,68,68,61
100,78,76,68,81,80,76,70,69
81,78,73,61,96,72,76,74,71
91,67,86,65,91,68,68,81,62
92,76,76,57,91,80,84,69,54
95,76,78,67,87,68,77,65,63
86,75,78,50,88,71,79,80,72
100,69,90,58,90,67,84,65,60
90,79,89,53,90,85,70,73,51
93,78,84,67,92,85,83,76,71
94,66,89,62,100,70,79,83,71
94,72,75,60,88,76,84,65,58
84,70,87,68,99,72,85,67,50
93,66,79,62,88,78,84,80,70
87,65,82,67,88,83,88,75,74
80,69,72,60,97,80,74,70,63
95,82,73,60,90,83,83,85,71
93,85,77,64,100,69,82,66,58
90,76,71,67,91,71,71,81,69
85,68,87,60,94,77,71,83,59
87,68,82,50,85,71,74,78,57
91,76,85,57,84,74,85,73,68
83,69,81,66,92,70,81,85,71
89,85,86,69,82,74,85,76,50
98,80,71,54,85,65,72,71,69
85,79,75,53,84,75,70,83,67
81,79,72,53,93,84,87,84,72
88,82,72,63,87,77,74,76,59
93,82,86,56,99,67,68,82,69
95,70,89,50,90,84,79,79,73
92,72,78,51,90,72,70,80,70
89,84,84,61,85,67,69,66,67
91,81,90,53,82,84,88,73,50
85,73,87,70,85,85,75,84,70
91,66,84,52,82,66,82,76,56
82,69,86,59,84,72,68,82,69
99,68,79,53,84,78,88,83,56
80,71,87,64,98,83,84,69,55
96,81,90,64,100,85,72,72,65
92,71,79,68,87,74,68,69,62
80,79,72,61,82,69,87,79,68
92,69,82,66,91,80,76,68,55
84,79,82,55,83,65,84,82,66
83,75,85,52,84,77,71,70,65
88,67,82,70,98,76,85,81,74
85,65,78,65,97,85,82,71,71
97,76,75,64,93,82,76,73,74
94,66,83,69,97,78,76,83,75
96,73,84,58,83,72,82,74,64
91,83,85,52,97,80,69,73,54
94,73,71,63,95,66,77,83,51
85,67,76,57,88,72,88,71,70
85,83,74,64,92,84,68,71,65
81,71,78,68,88,73,72,67,55
84,74,72,61,95,77,69,71,67
100,77,75,61,84,68,85,71,60
99,74,71,69,94,69,73,82,53
90,67,78,64,88,71,77,67,54
85,69,72,65,93,71,78,75,70
100,71,76,70,84,76,82,67,65
96,74,71,51,96,65,82,76,62
98,75,88,68,99,84,70,82,69
81,82,70,57,84,69,74,79,70
89,74,87,55,96,76,81,81,71
83,79,90,58,99,69,85,83,64
84,79,83,55,97,78,78,79,73
85,79,83,70,90,81,76,80,71
95,77,82,68,86,80,82,72,72
93,85,71,67,88,74,77,80,71
91,71,90,55,96,67,76,83,62
97,78,89,52,97,77,69,76,58
87,73,90,57,98,78,80,70,74
90,72,72,67,87,79,82,79,72
91,71,88,50,83,70,80,67,59
89,73,74,56,81,78,79,68,69
92,77,89,67,80,68,70,78,54
97,75,72,51,93,70,85,74,72
100,78,79,57,95,76,79,68,53
82,78,78,59,95,78,80,69,65
84,68,85,61,97,76,86,65,56
92,73,85,62,91,75,83,73,72
84,77,75,60,83,81,79,73,51
94,69,88,50,94,74,87,67,56
83,84,79,55,88,74,71,72,67
91,75,76,65,88,81,76,80,74
92,76,90,64,81,82,77,79,61
86,82,73,65,94,83,84,80,70
81,83,72,64,97,83,76,77,74
85,84,75,68,80,84,86,72,67
100,73,82,61,88,81,84,82,71
85,66,76,67,81,66,70,76,53
94,70,89,69,94,65,70,68,62
83,81,74,59,96,81,72,73,57
92,74,80,57,92,79,82,79,70
85,85,90,57,95,79,76,78,73
100,75,70,59,80,66,69,84,58
100,78,87,61,93,82,69,75,68
93,69,81,56,84,85,84,71,61
98,79,77,66,87,82,88,66,64
99,75,88,51,89,73,75,78,71
96,68,89,69,84,73,79,65,59
100,70,76,52,89,82,77,77,70
80,72,80,56,88,72,69,77,64
98,83,71,55,100,75,87,71,72
91,66,83,59,89,67,80,75,55
97,83,87,68,99,72,72,76,65
86,70,76,66,87,73,77,82,74
91,74,89,63,91,68,85,67,54
85,75,82,64,97,85,68,75,55
89,68,85,65,99,81,74,73,69
82,84,89,59,80,78,70,79,67
94,67,90,54,98,82,77,65,54
97,66,90,62,94,69,76,73,52
90,83,74,56,89,69,80,74,57
89,71,73,66,95,81,82,83,71
99,70,82,61,82,69,73,78,70
93,85,89,65,83,80,76,77,58
82,67,75,52,97,73,83,70,73
80,81,76,51,86,70,85,83,74
81,67,70,50,86,67,83,69,61
80,76,82,70,96,78,71,75,52
90,83,71,60,92,83,74,68,68
97,73,72,50,100,76,70,82,50
96,69,72,66,99,78,88,70,72
92,66,76,52,97,72,86,84,71
95,71,78,54,82,80,85,77,69
86,80,82,54,80,80,82,68,54
94,66,78,69,81,76,78,78,59
90,72,71,50,83,78,81,79,50
94,85,86,54,93,69,84,78,65
98,72,83,52,98,69,74,65,50
87,75,89,52,82,82,74,74,65
89,85,86,67,82,68,73,74,66
96,77,74,52,86,82,84,84,70
100,68,70,52,99,75,80,73,70
86,65,86,69,100,71,78,69,54
86,75,73,61,98,68,80,82,54
80,82,76,62,98,73,70,78,50
85,79,84,59,82,70,73,84,66
81,69,83,58,89,77,77,78,72
81,83,86,53,98,85,85,73,73
84,79,74,64,83,68,72,81,60
91,65,89,50,88,82,83,81,75
95,74,85,64,81,65,79,73,70
84,71,76,64,98,66,83,73,53
83,68,73,50,87,72,86,83,72
86,85,73,53,92,85,79,72,72
99,80,84,56,99,78,75,82,73
95,82,80,60,92,82,87,77,75
98,82,85,70,100,85,85,82,71
83,65,85,54,86,85,80,68,67
81,65,88,63,88,79,80,75,74
84,77,81,67,96,79,83,77,75
90,72,85,62,82,68,86,82,61
100,68,77,68,94,78,80,84,70
92,82,77,50,94,80,69,67,50
100,73,81,70,93,83,71,65,66
84,77,84,51,93,78,85,85,75
95,66,73,70,94,82,70,76,59
87,84,78,66,83,79,82,76,68
96,75,73,55,85,75,77,78,71
80,84,77,51,94,81,88,80,73
83,78,85,51,89,67,87,69,51
88,84,73,58,100,69,69,69,61
83,74,85,67,99,68,85,65,56
91,77,73,60,80,84,86,85,58
80,70,81,68,84,65,88,71,58
96,83,81,63,85,85,76,66,54
91,72,86,50,82,74,75,65,65
95,69,77,52,92,79,77,74,74
89,83,86,57,94,69,88,68,68
96,79,71,65,85,74,88,71,75
93,77,81,64,99,68,80,77,56
91,76,77,58,98,67,73,77,59
89,84,88,70,89,65,86,66,68
92,72,78,55,100,71,78,80,75
81,83,82,60,99,83,69,81,63
99,84,89,60,89,77,87,85,74
85,81,73,65,95,66,72,84,50
98,79,81,55,83,66,82,78,55
98,83,80,53,89,74,73,77,50
97,79,73,53,85,68,84,70,53
87,80,71,51,86,79,82,74,75
90,74,80,70,80,65,78,77,59
99,75,88,65,94,72,81,83,70
95,74,71,65,96,77,87,66,65
85,69,89,68,85,72,79,72,74
82,70,70,53,89,76,82,70,71
91,70,90,54,97,76,79,78,73
85,73,86,65,86,65,81,73,68
93,81,82,59,83,73,71,84,55
80,83,89,51,91,81,87,68,61
94,77,78,54,96,79,83,68,65
91,65,75,54,81,83,86,73,67
98,71,73,65,80,75,80,73,53
81,77,86,68,96,80,77,72,71
83,84,80,54,85,79,73,65,51
83,82,82,54,80,67,81,71,56
97,84,82,53,92,81,72,68,50
97,78,88,65,88,83,85,68,63
91,70,90,55,83,80,82,84,53
84,79,75,65,90,76,79,65,68
82,77,90,60,98,74,77,76,72
91,68,73,60,96,72,73,83,70
80,65,84,54,91,68,87,74,56
83,66,84,65,100,78,81,70,73
84,73,74,69,87,76,81,67,57
81,74,78,52,80,82,76,70,62
95,82,82,70,100,70,70,69,50
95,85,74,60,88,78,81,70,71
94,67,71,64,82,78,74,74,64
95,80,74,51,87,72,74,72,51
91,76,89,64,87,65,74,67,65
83,83,73,70,83,67,73,71,56
81,72,79,53,100,80,83,67,57
83,80,90,53,82,85,85,77,53
94,80,83,51,83,67,87,67,54
82,69,88,69,92,85,81,73,75
95,66,89,50,86,68,73,76,64
99,85,82,59,83,78,71,74,66
80,73,80,50,96,79,73,67,57
98,83,78,56,95,67,73,83,68
99,69,78,70,89,81,69,69,51
90,83,74,52,97,65,81,82,54
83,82,80,56,92,67,80,79,55
85,83,76,54,93,72,68,81,56
85,75,82,53,92,71,88,72,73
80,68,75,52,95,84,87,75,72
92,65,87,52,83,77,84,81,60
97,73,80,57,81,70,87,72,53
91,78,70,70,97,82,69,73,66
92,74,87,54,91,72,81,70,71
80,81,81,58,99,80,75,82,73
86,83,84,60,87,66,75,81,64
98,68,70,58,92,79,70,79,55
81,72,90,61,98,81,78,73,74
97,65,84,68,83,69,71,81,64
89,68,89,62,92,68,72,71,64
92,68,70,51,97,80,70,70,53
82,80,89,66,82,79,88,71,67
86,77,88,63,95,77,81,79,73
92,80,70,56,81,82,78,80,63
83,80,87,66,96,84,82,73,72
88,66,77,61,85,80,77,71,71
98,69,86,61,90,74,73,68,62
89,73,87,68,90,75,80,79,71
95,66,78,56,98,69,73,81,65
82,72,76,58,80,80,80,65,56
80,72,78,50,91,82,69,85,61
84,84,76,57,94,77,76,82,71
95,65,88,55,86,75,78,81,70
80,70,85,52,82,73,86,77,60
81,83,73,68,100,79,75,75,74
85,68,85,55,82,72,88,83,66
81,84,70,67,89,66,69,72,70
82,74,72,60,90,80,85,72,72
97,85,77,62,94,72,81,80,72
94,69,78,56,81,66,70,67,53
89,84,86,64,94,67,70,84,70
82,70,88,50,90,73,86,78,70
93,75,70,59,95,82,70,82,55
97,85,75,65,90,82,84,72,75
99,69,90,67,87,75,71,76,61
86,71,77,58,84,66,73,82,68
82,70,73,58,89,66,79,79,51
96,82,86,70,80,69,85,81,54
81,73,82,64,92,75,72,78,67
84,71,86,58,86,71,75,74,73
97,70,71,54,97,65,78,76,68
86,65,78,59,87,85,87,78,73
90,74,89,65,85,79,81,73,71
88,73,82,64,99,77,80,65,64
88,71,72,54,94,79,83,84,73
85,67,80,64,90,77,74,67,54
84,68,75,61,82,70,78,71,58
99,65,87,70,80,81,81,69,51
80,66,80,59,83,78,79,69,50
90,83,89,58,90,82,78,80,74
99,84,71,66,99,73,79,82,70
97,85,72,56,91,68,79,79,61
97,66,81,60,99,75,71,65,52
93,71,85,57,82,73,68,80,57
98,69,83,62,99,85,82,75,75
82,81,81,63,91,79,78,72,72
92,81,81,62,83,72,80,84,65
82,75,79,66,97,85,81,82,71
91,85,73,50,94,79,76,71,71
88,75,79,50,99,74,86,71,72
90,84,80,66,82,66,71,72,50
97,77,82,68,88,67,80,85,57
95,69,86,64,91,65,69,76,55
95,85,74,65,96,80,85,81,75
100,71,86,54,92,71,86,75,70
83,65,81,58,86,75,80,81,72
94,84,79,60,98,78,88,75,71
88,67,84,51,81,78,70,84,54
84,76,73,53,93,72,72,66,66
86,66,86,69,92,85,69,68,61
88,73,85,67,85,74,71,82,65
84,79,88,69,94,73,68,84,50
97,70,77,55,97,73,82,84,73
80,68,82,60,84,81,77,78,62
90,70,70,52,100,81,75,72,73
98,73,72,60,94,80,76,80,74
89,85,88,54,91,65,68,78,68
88,66,80,70,81,78,75,83,59
86,76,79,53,92,81,72,71,65
88,78,81,65,82,78,87,69,66
89,67,74,70,83,69,78,67,52
97,71,87,61,97,70,68,69,52
96,77,76,64,85,66,79,71,59
99,70,87,58,96,81,74,66,70
84,79,82,68,92,79,69,79,70
90,70,76,55,87,74,77,70,72
91,83,76,64,82,69,84,81,58
95,85,88,54,86,70,85,74,74
82,80,83,64,96,73,76,79,74
88,69,88,54,88,85,86,73,75
82,83,76,54,87,78,80,76,73
80,65,86,53,98,83,84,82,72
89,77,82,57,87,84,82,71,74
96,70,90,65,100,77,73,76,65
95,73,78,57,95,71,78,71,70
92,69,79,58,88,73,79,83,73
100,72,84,58,82,79,82,81,59
92,69,73,63,92,81,86,81,71
87,72,86,52,100,84,76,80,71
92,81,81,60,93,67,69,80,61
89,70,73,55,85,69,86,72,66
91,85,83,62,85,68,82,67,61
89,80,72,68,100,66,84,85,55
85,80,86,57,90,67,86,76,69
97,66,70,51,90,77,83,81,73
98,77,72,55,93,72,82,68,53
86,68,77,55,86,81,69,82,55
90,69,80,61,91,80,78,72,73
86,69,76,60,99,71,76,82,70
87,74,73,67,80,81,83,75,66
86,81,80,66,81,65,74,71,69
93,68,89,54,93,68,86,72,61
98,66,80,55,88,67,81,71,66
97,71,71,52,82,81,88,71,65
86,72,84,66,99,68,83,83,55
87,78,74,61,81,82,76,65,62
81,85,83,62,84,81,70,69,68
89,69,78,51,85,84,85,69,66
97,76,82,61,84,65,74,69,55
92,68,81,60,98,74,79,76,72
89,78,76,70,87,81,82,72,74
83,76,85,69,80,66,83,71,61
82,71,78,60,87,73,71,76,50
80,67,82,51,91,80,70,75,69
98,67,82,62,81,73,85,80,66
95,66,83,65,82,67,71,71,51
88,83,77,70,91,66,84,76,66
87,81,77,50,99,69,85,73,61
83,80,79,64,97,80,88,80,70
80,76,70,60,86,82,86,81,75
92,68,87,52,90,75,78,66,70
92,74,77,57,96,80,72,73,58
97,83,89,67,87,79,71,72,61
80,84,79,65,100,66,69,75,64
84,65,87,61,98,74,74,69,52
91,71,84,70,89,70,70,68,50
87,82,71,66,99,70,86,81,74
81,76,74,58,95,79,70,71,69
80,68,78,69,92,65,68,73,62
98,70,75,67,98,80,72,79,51
83,75,85,57,88,83,70,67,62
83,84,81,51,98,79,82,76,70
84,82,73,63,88,74,73,73,62
88,80,76,55,80,68,87,82,53
97,82,85,54,95,75,70,66,55
96,80,73,66,89,68,77,81,50
89,67,75,61,90,78,70,77,68
85,83,72,67,99,72,77,82,70
90,77,77,57,90,82,75,75,72
83,66,83,70,96,79,75,72,71
92,77,73,67,89,80,69,75,55
91,77,75,69,95,65,85,74,50
100,69,87,58,90,76,74,74,60
82,76,90,55,90,76,73,83,51
91,73,78,56,95,74,71,73,68
90,83,77,67,99,80,74,67,62
82,66,90,58,91,80,72,75,62
94,67,85,65,81,67,69,69,53
92,80,86,66,100,65,81,82,53
94,69,83,65,98,79,72,82,64
85,69,81,62,84,70,87,68,56
84,66,71,66,92,65,71,69,57
80,71,78,69,85,84,88,69,54
84,68,76,58,99,69,71,71,64
93,82,89,52,89,69,86,65,56
91,84,84,70,87,83,76,67,53
88,67,80,62,84,77,86,84,58
95,81,83,58,100,66,74,66,57
92,68,85,63,83,66,74,65,59
95,70,73,66,86,70,82,75,75
90,67,87,67,85,74,84,65,55
93,65,87,64,88,70,86,66,70
84,72,88,59,97,70,68,68,60
93,72,72,50,91,74,86,82,75
85,67,70,67,91,71,85,77,70
95,67,90,54,87,85,81,70,75
98,75,87,67,91,85,82,83,70
94,66,85,54,97,77,86,71,72
81,66,71,60,99,77,68,67,51
87,66,84,57,87,72,87,70,75
85,75,75,66,93,75,72,85,51
84,78,79,68,83,69,76,68,61
90,80,75,60,96,75,82,83,74
86,78,81,51,91,73,71,76,56
85,74,73,55,83,72,78,83,51
89,83,80,51,89,80,87,85,75
80,83,85,64,97,79,69,82,55
99,70,81,67,88,70,85,65,68
90,74,83,57,88,85,84,70,74
86,81,77,55,92,66,80,84,62
99,73,82,61,88,75,80,78,74
84,66,90,51,99,81,80,74,74
83,77,86,65,89,84,75,84,70
87,69,84,64,100,82,79,83,75
95,74,83,65,91,67,77,76,61
91,66,74,60,85,77,77,84,72
93,85,80,63,98,75,78,84,71
80,72,72,70,96,83,87,79,75
82,84,87,64,86,66,69,79,58
90,71,85,60,85,72,82,80,71
80,68,79,59,95,72,79,82,71
81,84,76,65,84,67,75,72,59
84,83,76,55,93,81,71,79,51
96,77,75,69,99,71,84,76,72
83,82,88,53,86,71,74,69,61
92,83,89,63,80,78,68,85,54
90,81,80,63,100,84,88,80,75
87,66,86,56,97,66,72,73,52
89,77,83,65,96,70,68,70,64
91,76,85,70,87,75,85,67,66
87,80,89,61,84,73,84,65,52
97,66,79,60,84,72,88,70,51
87,70,90,65,92,79,82,80,73
97,81,85,54,98,81,87,78,75
86,72,89,51,97,76,72,80,68
91,79,78,54,96,75,70,68,61
88,69,84,60,93,77,71,67,58
90,73,78,61,92,68,83,80,70
97,67,74,58,100,67,83,84,68
84,74,71,65,86,66,83,81,50
86,77,73,56,98,74,79,75,74
93,78,87,50,90,82,77,70,72
99,83,85,58,100,78,74,84,64
97,72,79,65,85,68,78,77,60
96,69,76,64,92,70,85,82,75
86,71,79,55,95,73,73,76,54
85,78,86,63,97,66,70,74,69
91,82,85,63,97,74,77,68,62
84,84,78,63,94,80,86,80,71
99,74,71,50,87,75,81,67,70
84,73,77,57,84,74,72,85,65
100,77,86,57,100,66,81,78,59
87,70,72,66,99,68,82,75,64
89,85,79,68,87,65,80,70,61
95,68,77,51,87,69,76,80,62
98,74,81,69,80,84,87,66,55
94,68,89,68,82,82,69,65,59
83,67,87,51,84,81,84,80,61
81,81,76,59,93,75,86,68,58
92,73,74,69,99,73,68,77,63
88,81,86,69,90,71,68,75,57
81,84,89,56,90,65,81,67,65
82,77,82,63,80,81,79,67,62
82,74,72,65,89,85,76,69,55
80,68,73,65,92,79,87,69,65
83,73,71,69,89,81,79,77,70
84,66,70,59,88,72,79,67,57
80,65,88,54,96,73,77,65,61
86,84,78,65,94,85,69,70,62
93,79,75,69,95,85,88,74,72
89,68,77,58,95,74,86,74,72
91,73,75,52,81,81,74,79,67
87,84,89,53,91,78,79,71,70
87,79,86,66,86,85,80,79,70
93,82,88,52,95,70,73,73,60
96,68,85,65,89,81,79,79,73
92,81,70,57,84,84,88,68,65
96,81,85,64,88,70,83,82,70
97,78,88,66,80,69,74,69,62
87,77,71,66,90,74,85,77,75
81,68,76,50,90,73,79,83,74
97,70,82,70,89,72,72,81,53
80,68,74,57,86,84,70,75,50
97,79,79,65,91,70,77,81,74
80,77,78,51,86,83,76,77,75
80,71,84,67,84,79,81,73,68
88,74,83,57,92,65,77,72,64
88,77,70,57,90,79,84,75,70
98,68,74,62,82,77,77,66,50
88,79,84,67,95,68,80,68,61
92,75,83,59,89,83,88,74,71
96,79,77,64,93,76,72,69,57
81,66,78,67,93,67,82,82,66
85,82,71,69,100,80,68,81,54
97,67,84,61,87,85,82,79,75
100,79,70,58,87,79,78,70,71
100,71,75,51,88,73,76,77,73
91,73,82,61,88,70,86,74,72
95,65,77,55,98,68,78,70,70
89,85,88,59,89,85,85,66,64
99,80,86,53,83,71,72,78,53
86,76,78,68,85,68,83,74,57
92,66,75,65,99,81,77,73,74
85,65,70,51,99,71,75,74,73
93,83,89,69,89,83,75,79,75
87,72,83,53,98,66,86,67,68
87,73,74,58,95,70,82,78,72
81,76,76,59,95,65,73,71,62
81,80,88,51,80,82,82,77,54
89,83,81,64,93,75,70,68,67
92,74,90,59,93,75,70,80,50
93,83,77,59,91,79,73,77,70
96,68,71,53,95,77,88,77,71
82,75,86,63,94,83,68,74,55
80,67,82,63,91,70,69,73,62
96,69,72,66,98,81,77,78,70
87,68,77,67,81,70,79,69,58
89,84,82,50,91,66,87,80,67
89,74,72,57,100,83,88,83,71
89,80,80,65,94,72,85,80,70
89,82,79,64,82,73,80,78,55
92,77,72,66,85,73,74,80,59
87,68,78,62,81,65,76,67,64
81,67,80,66,96,69,86,70,58
93,74,76,50,81,74,72,78,56
96,72,78,64,99,76,87,83,72
88,76,73,60,98,76,69,72,59
84,77,77,67,86,65,73,69,61
85,66,87,66,98,78,88,85,71
96,76,74,66,93,71,78,79,74
94,73,79,50,93,77,77,66,61
85,75,80,60,81,69,74,78,69
87,66,70,59,99,68,72,72,68
97,68,80,59,82,84,84,69,69
92,68,83,58,82,82,77,74,62
88,72,84,70,88,66,71,83,70
95,79,73,52,85,84,88,72,74
100,68,75,67,91,68,79,83,68
82,68,72,56,91,78,71,76,69
85,78,72,63,82,74,88,82,50
98,72,87,53,83,82,70,80,63
80,81,71,63,87,74,81,75,74
98,65,79,68,95,68,77,85,55
100,70,75,57,95,67,71,75,59
81,76,75,67,90,76,76,68,60
94,84,70,54,92,74,70,73,51
83,80,84,52,85,79,83,71,70
95,65,72,63,92,84,76,75,70
90,67,76,53,84,78,80,83,63
84,77,87,60,80,85,77,71,60
96,75,71,56,82,67,75,71,66
89,78,88,52,100,71,74,85,67
89,83,79,69,84,74,79,80,65
95,83,83,59,94,75,74,70,62
80,65,70,54,80,81,74,71,69
100,75,80,63,89,77,77,82,70
99,76,86,55,97,72,87,82,74
82,79,72,52,80,72,69,83,54
87,71,75,69,92,82,70,83,60
89,74,82,60,92,84,71,65,66
82,71,72,61,96,75,68,68,60
86,74,79,53,81,79,68,77,51
92,72,74,61,98,81,71,68,70
88,77,78,67,91,76,86,77,72
97,79,72,57,91,72,68,84,51
83,68,85,66,93,82,71,74,61
86,67,89,65,99,79,79,66,59
81,79,74,67,94,84,72,77,52
88,66,83,60,81,66,86,73,55
96,80,81,53,100,73,87,84,72
96,69,82,68,86,76,76,67,70
95,70,83,57,97,79,84,68,64
81,66,70,54,98,79,88,80,70
89,65,87,50,95,82,86,80,73
80,82,88,63,83,73,88,74,67
81,68,79,67,100,79,78,78,71
93,67,71,55,96,68,87,83,64
80,82,79,60,89,69,84,67,56
81,69,84,62,99,84,68,71,60
94,74,73,62,94,79,69,69,56
87,75,89,67,95,80,85,72,75
98,78,80,63,84,79,81,79,63
80,77,82,56,100,76,70,71,50
80,76,78,59,90,84,72,83,66
94,85,79,69,81,67,83,81,54
82,80,80,50,85,76,79,66,60
95,68,81,69,97,68,74,75,65
94,65,89,63,84,85,87,68,51
81,77,80,68,85,74,79,84,72
90,76,82,60,94,80,72,81,52
93,83,76,53,85,78,75,65,65
88,82,79,59,90,70,87,67,69
80,74,72,67,81,69,73,80,67
93,77,75,52,89,83,78,79,71
94,69,80,61,87,82,83,84,74
96,78,77,70,94,80,70,72,52
80,80,80,56,81,69,78,65,52
90,82,82,51,87,70,75,78,70
91,83,84,62,82,65,85,73,70
90,77,81,58,98,79,75,73,72
81,77,90,64,94,76,78,80,72
100,70,84,52,95,78,84,68,60
95,82,88,69,88,69,73,73,66
87,85,72,50,100,80,72,81,60
84,81,89,64,81,69,72,84,69
81,74,89,60,81,80,78,69,58
87,71,74,61,91,74,77,72,75
96,79,80,55,95,80,72,70,61
98,69,82,62,85,74,77,70,73
95,79,83,53,95,75,83,79,74
91,81,82,62,87,68,71,70,50
97,71,80,58,98,74,83,84,72
87,68,73,62,96,75,73,68,50
94,68,89,70,94,74,82,77,74
87,83,76,57,89,65,79,74,58
97,65,76,67,95,68,82,72,65
83,69,80,67,88,84,77,71,73
81,83,89,56,92,71,75,74,72
87,71,74,50,90,76,75,73,72
94,83,88,53,81,71,73,77,61
99,66,81,52,83,66,87,73,64
93,77,90,58,83,72,88,65,65
81,74,72,65,86,78,76,85,71
85,82,83,57,97,72,71,85,60
96,78,76,50,99,82,68,67,69
88,83,85,56,98,71,68,84,51
87,78,75,70,96,85,73,83,63
81,82,82,63,95,66,74,74,52
90,85,87,51,80,78,85,83,51
99,75,90,64,84,70,71,77,66
83,75,75,55,89,79,79,84,70
82,71,87,53,87,75,72,67,53
85,76,83,67,83,84,71,70,67
89,77,71,59,96,75,86,68,68
94,85,72,57,82,82,78,72,69
94,82,74,57,98,76,80,72,75
92,82,79,66,96,68,72,83,68
87,79,90,56,86,74,68,74,65
84,74,71,64,85,69,86,74,59
91,78,73,56,87,71,75,84,73
83,84,81,69,89,80,68,81,69
80,70,79,58,87,85,81,69,58
95,79,74,60,91,72,88,71,70
84,66,78,64,83,65,85,65,58
84,65,87,66,81,74,68,67,51
92,79,75,65,80,71,68,75,51
93,80,86,65,80,79,69,74,58
90,83,78,70,92,81,73,67,60
93,68,70,57,93,72,85,71,72
85,71,89,58,91,74,78,83,71
99,76,72,58,94,74,70,70,63
96,79,88,64,100,72,70,81,56
92,65,89,55,93,70,78,74,71
88,67,80,57,84,79,80,81,58
81,70,72,63,81,69,79,81,67
80,77,70,55,84,66,69,71,68
83,75,86,53,80,66,88,82,61
93,80,84,68,97,80,82,65,51
82,85,76,69,100,83,84,65,51
81,78,74,59,84,68,87,76,70
93,65,86,66,84,80,82,70,70
95,68,74,64,88,83,70,85,69
90,69,75,67,89,77,71,69,63
97,82,82,58,95,71,70,71,67
86,67,80,64,96,77,76,82,75
84,66,71,53,97,79,72,75,61
94,74,81,65,99,81,79,75,70
85,67,78,64,82,81,76,67,68
91,85,77,53,84,82,78,85,63
89,85,71,59,81,85,70,72,62
97,72,86,68,100,81,77,66,64
97,83,74,61,85,69,86,83,59
85,75,73,52,96,75,80,71,72
92,66,72,50,84,79,81,73,52
89,67,74,67,83,79,81,73,66
87,70,80,64,91,84,82,78,72
93,81,89,55,81,71,74,77,68
85,82,89,70,85,83,75,71,70
82,78,86,51,94,74,76,69,67
88,79,85,69,82,70,71,78,67
83,83,85,55,95,73,70,67,52
97,67,73,59,87,78,74,82,58
97,69,74,56,92,73,69,73,61
89,82,89,68,93,74,68,78,65
91,68,80,53,90,73,88,80,72
84,76,89,61,86,76,86,70,73
80,85,83,60,83,85,77,77,62
82,83,73,54,95,70,79,81,72
97,81,70,52,83,72,86,81,54
92,66,72,63,85,66,69,78,69
93,70,90,62,81,65,76,67,65
91,85,76,69,84,84,79,80,50
92,73,87,53,95,73,81,71,73
98,80,76,62,82,75,75,71,61
98,79,72,65,95,81,72,77,50
82,80,75,69,85,80,71,70,54
87,82,83,51,80,72,68,74,56
90,74,84,57,90,69,75,68,57
81,83,81,68,100,74,69,75,70
95,77,70,64,89,69,77,84,52
91,76,75,64,94,79,78,78,73
94,81,77,58,80,66,79,70,65
92,72,84,61,81,73,81,77,60
83,72,76,69,94,78,74,70,67
91,72,79,56,92,74,75,79,71
97,74,79,57,95,77,68,75,66
97,80,85,63,93,85,73,70,68
88,73,74,54,82,71,74,76,59
81,85,90,53,100,67,75,76,53
87,83,87,67,99,83,83,85,74
91,73,79,68,82,85,69,73,63
94,68,77,51,98,76,72,77,68
95,71,86,62,84,85,75,78,68
87,70,77,53,98,82,73,85,66
83,75,84,62,85,79,76,66,58
100,74,81,58,93,84,71,76,65
81,70,80,70,82,83,76,69,50
97,85,70,61,94,74,68,84,70
99,70,83,51,89,68,88,69,66
88,66,75,69,98,84,72,83,70
87,65,71,59,98,83,85,77,70
81,85,88,51,98,81,87,80,73
86,74,77,55,84,77,73,76,64
96,84,86,59,93,78,70,85,53
83,65,86,63,80,80,77,84,58
97,73,89,56,91,80,78,71,74
85,74,89,51,96,84,82,75,70
87,76,70,52,83,78,85,82,64
95,81,79,69,100,80,82,66,62
87,83,90,68,98,70,83,68,66
96,80,83,67,93,70,84,71,75
93,68,73,64,83,80,80,66,62
93,67,89,68,80,70,80,84,58
80,81,75,70,92,68,80,76,67
95,66,83,50,80,75,73,84,59
95,77,86,54,93,67,79,80,58
84,82,78,61,84,76,70,77,62
81,77,72,57,99,85,75,70,74
86,67,73,60,94,67,71,85,64
92,70,84,68,82,68,85,83,55
85,67,81,60,83,71,70,80,53
83,75,76,58,93,72,86,77,72
92,81,77,52,84,66,76,78,63
95,83,76,51,100,80,74,74,60
99,66,83,65,99,69,84,75,59
94,68,89,63,87,68,74,78,66
83,68,73,53,81,77,71,71,54
87,66,80,51,83,85,86,68,50
82,84,74,61,82,75,88,80,60
92,72,83,57,95,77,76,67,62
88,84,90,53,97,74,76,66,59
85,82,79,56,89,73,82,68,65
97,66,82,65,94,84,79,74,72
81,74,85,70,97,80,87,73,70
96,66,79,50,87,66,71,66,70
86,85,88,53,82,78,79,78,70
80,83,83,53,81,72,74,83,65
82,78,84,54,97,80,75,80,74
82,85,71,64,100,67,80,85,62
96,85,82,70,93,84,70,85,63
97,83,74,55,91,83,79,84,75
99,69,86,70,86,84,86,78,74
99,69,81,62,93,82,77,65,62
80,72,83,61,96,68,73,70,67
87,74,70,60,81,65,77,68,56
89,75,80,60,100,71,77,77,74
86,69,87,66,94,67,79,78,54
86,74,80,51,96,72,74,68,54
93,66,86,66,81,69,82,80,50
81,80,80,51,86,81,78,72,71
83,77,79,51,89,74,74,73,50
86,71,88,60,94,82,70,84,68
85,83,76,70,83,84,68,72,50
89,69,89,65,86,85,83,69,51
80,83,87,66,100,76,77,76,73
94,81,75,63,91,75,87,75,72
90,67,85,66,90,72,71,68,53
82,84,82,52,84,78,76,71,58
91,72,87,69,83,77,81,71,59
95,80,77,68,96,85,76,68,62
87,75,87,67,83,77,72,66,70
99,69,85,53,91,71,72,71,66
92,78,75,56,100,77,74,69,64
92,73,90,54,91,72,68,78,61
96,70,71,61,91,73,71,65,58
83,75,86,70,98,82,79,75,70
91,68,74,50,84,78,81,76,56
99,69,74,50,87,78,69,69,61
95,68,71,66,89,79,85,70,74
89,66,78,58,95,83,80,65,60
98,72,72,68,80,70,86,77,50
89,68,81,62,87,82,84,65,64
97,72,79,68,98,70,78,71,73
90,78,72,56,88,69,68,79,65
99,77,82,51,84,85,71,79,54
85,83,80,64,85,72,80,68,63
85,82,77,59,84,70,83,72,57
97,75,85,60,88,70,80,77,75
85,77,90,55,86,77,71,74,69
91,69,86,61,83,67,77,74,65
89,75,73,66,99,72,77,76,74
94,79,72,60,100,69,84,66,67
86,68,75,50,95,74,79,82,73
94,70,88,67,93,66,75,66,70
85,71,85,52,86,77,82,67,59
94,75,81,61,86,77,78,70,74
82,71,87,57,97,69,68,76,69
83,76,81,60,97,82,70,84,57
93,74,89,50,83,72,77,85,63
86,74,76,57,98,80,85,74,73
85,85,88,69,98,72,75,76,73
88,67,89,61,90,80,73,70,70
84,66,83,53,83,66,81,74,52
86,82,75,54,94,70,75,73,71
88,72,82,61,95,70,69,68,64
99,72,74,69,85,65,80,84,50
80,80,85,61,85,77,84,74,71
91,85,78,51,93,78,75,77,75
80,80,70,58,88,71,86,79,75
80,78,76,70,85,68,74,82,57
92,67,87,52,80,79,79,65,67
100,84,80,62,83,79,85,84,55
84,84,72,59,87,67,84,72,60
89,80,81,63,87,66,82,77,55
86,79,86,54,84,68,72,66,64
92,67,77,64,96,76,74,84,69
93,74,88,64,88,74,75,70,71
99,82,83,58,96,84,75,81,75
89,69,76,65,86,67,72,79,62
95,77,76,68,94,82,73,66,51
92,66,75,68,82,65,82,82,55
97,78,78,50,93,77,71,77,55
96,83,72,69,83,83,72,76,52
97,74,80,63,89,68,82,67,53
98,65,90,60,86,83,72,71,59
96,77,70,66,98,85,73,76,57
93,74,88,66,85,74,80,83,72
83,81,81,65,82,78,76,85,57
87,80,71,50,87,75,86,76,74
95,77,73,67,86,69,81,65,65
80,79,79,56,90,85,77,77,72
90,82,82,54,84,73,83,68,53
81,65,77,58,90,67,87,78,53
91,75,90,68,85,67,79,76,54
88,77,74,63,83,83,81,72,51
94,73,78,63,98,66,76,72,62
80,76,75,56,81,83,85,68,63
86,75,88,62,98,74,72,69,65
87,77,73,60,90,67,74,78,65
88,81,71,62,94,77,70,70,51
95,80,74,54,91,79,81,67,51
91,67,84,51,86,79,88,68,69
95,74,82,54,97,72,75,69,69
86,75,74,69,84,66,80,74,61
84,77,72,61,93,77,73,79,70
84,80,74,64,84,84,84,69,66
98,65,80,60,92,82,79,65,58
96,76,88,70,87,73,72,85,53
82,85,88,56,91,73,81,84,75
95,71,76,62,97,77,71,76,68
89,81,75,67,88,74,86,66,54
92,82,75,55,83,78,78,79,62
100,77,77,67,82,73,85,69,67
98,71,74,58,98,67,75,85,68
82,78,73,69,91,75,72,71,63
89,84,79,67,82,66,77,82,55
95,65,82,55,88,72,84,72,71
98,80,77,55,93,83,72,78,68
91,74,84,61,98,77,75,77,70
91,65,80,59,99,78,71,79,63
99,67,89,69,95,72,80,76,70
80,83,88,58,95,70,80,84,74
82,80,74,56,81,68,79,84,59
81,81,75,54,88,81,85,66,53
100,65,83,53,100,72,88,76,75
93,84,72,59,86,70,88,69,62
85,76,78,54,80,78,79,68,68
86,77,70,50,91,68,68,85,61
96,84,90,55,100,79,81,82,70
87,71,72,51,94,69,79,84,55
90,77,81,63,96,85,69,85,62
87,71,80,69,93,73,80,81,75
91,74,82,61,84,65,84,83,60
83,80,70,64,88,72,80,66,51
92,67,75,69,85,79,86,68,56
89,77,89,67,83,69,88,68,57
95,82,89,53,92,66,85,75,62
88,65,72,62,80,72,88,65,55
81,66,83,54,96,66,72,79,60
81,83,76,54,88,80,70,71,57
95,71,74,67,89,73,81,81,75
99,80,70,62,90,80,84,75,72
98,71,72,56,82,72,83,70,55
95,85,79,65,96,71,82,67,57
91,77,84,51,100,78,73,72,58
93,77,77,61,83,83,68,80,53
89,77,88,55,84,74,76,78,61
93,80,78,68,90,80,82,84,74
82,84,72,57,92,75,84,75,70
99,69,77,52,88,68,87,71,57
81,69,90,56,86,82,78,78,75
86,85,90,52,100,76,88,72,72
82,65,77,70,84,75,79,85,60
82,71,83,51,91,75,88,65,54
88,75,81,63,88,77,68,65,58
96,72,87,70,94,76,79,73,74
87,79,83,59,86,85,76,82,74
89,81,88,70,82,78,70,83,59
88,66,78,52,80,75,85,84,52
95,85,82,65,100,77,81,74,70
91,69,78,53,89,80,78,70,72
87,66,79,55,80,66,82,77,63
97,76,80,65,84,79,82,85,52
95,79,83,56,83,83,73,70,61
84,83,80,66,87,80,80,66,52
84,72,83,56,94,65,71,78,61
96,83,81,58,82,70,71,71,52
83,73,74,55,94,71,84,68,63
91,83,84,56,99,74,72,75,56
88,84,73,60,87,65,74,82,54
84,78,73,51,81,78,87,83,50
80,71,85,70,80,69,79,70,57
80,66,76,69,89,74,78,66,67
80,78,75,62,99,77,81,66,58
82,75,77,61,86,84,86,75,75
80,65,84,62,99,78,81,84,73
89,74,85,70,94,80,76,78,72
95,82,76,62,100,79,88,78,70
99,83,74,59,91,68,76,77,68
83,85,70,60,90,77,86,83,75
83,67,79,51,99,76,77,73,71
98,66,77,53,95,82,76,72,72
91,65,75,67,85,80,88,83,70
99,78,86,55,80,68,78,74,51
87,75,79,69,94,66,87,84,62
99,76,75,69,94,85,81,82,71
92,84,79,57,94,67,83,74,70
94,74,76,59,88,85,80,68,61
91,82,72,53,91,67,75,83,58
100,77,84,52,92,81,86,66,70
100,67,72,65,89,85,78,74,71
94,72,85,61,89,80,81,76,71
85,79,81,58,97,67,88,80,56
80,71,84,61,95,85,82,69,53
81,65,84,61,94,83,69,68,59
96,82,76,61,95,72,87,81,73
90,73,90,63,89,71,86,81,72
97,77,90,52,81,79,73,79,70
96,75,73,53,90,75,85,65,63
97,65,86,64,98,85,74,81,57
84,70,80,64,88,85,87,65,61
88,73,81,63,94,83,88,68,53
87,66,84,69,95,68,73,73,66
87,68,89,53,87,69,71,77,59
80,82,86,63,96,75,72,81,70
80,66,84,59,91,84,72,78,60
86,68,75,60,93,80,85,82,70
88,75,86,66,99,71,77,79,71
94,83,81,62,83,73,73,67,59
91,79,70,54,88,79,82,67,65
82,73,71,69,94,77,87,65,70
87,85,74,52,80,75,79,66,64
80,79,75,56,94,79,73,78,53
97,70,86,58,92,72,84,81,71
93,65,85,67,89,65,87,79,69
96,80,77,67,97,65,78,69,52
96,76,81,59,100,82,82,68,58
83,73,81,70,82,69,68,78,69
82,83,86,61,83,84,73,66,60
95,77,70,59,92,75,77,75,72
86,73,82,50,94,70,79,73,71
93,84,83,52,99,70,80,65,50
85,78,80,53,94,85,78,84,73
95,68,78,52,89,72,71,70,52
83,83,75,59,87,83,75,78,71
88,76,73,58,84,78,71,84,67
82,81,87,58,91,71,81,75,71
92,66,77,68,81,65,80,66,64
91,82,77,62,81,83,80,83,60
99,76,76,66,100,68,76,83,69
81,68,84,70,92,79,71,71,55
87,82,71,58,92,84,72,68,62
92,73,74,58,82,71,71,74,64
88,66,73,57,99,79,71,83,53
82,71,77,50,98,71,80,68,68
100,72,73,51,80,66,75,72,65
95,74,85,54,88,85,87,76,71
85,82,88,63,88,75,73,81,53
83,67,72,60,94,80,79,72,72
87,73,70,63,94,68,79,83,57
89,76,78,59,96,67,74,78,52
99,67,78,56,98,84,72,85,65
89,70,83,50,88,78,83,71,74
80,81,71,67,98,69,82,69,69
96,83,81,50,90,75,84,73,70
82,81,78,61,84,74,88,65,60
84,85,88,53,86,72,75,70,72
100,68,83,70,86,69,69,65,59
82,67,77,50,90,83,84,83,71
99,79,85,50,99,82,72,72,60
86,72,90,51,81,74,70,78,53
84,70,78,65,98,67,68,69,62
92,75,70,59,84,70,86,69,51
88,77,81,50,97,68,72,74,58
99,80,90,54,81,77,84,83,66
83,81,75,53,94,84,80,67,59
96,72,87,56,80,76,80,71,57
98,80,89,64,97,67,84,65,64
91,81,89,57,80,77,76,81,67
98,77,80,69,87,85,85,67,50
82,67,85,54,98,81,77,74,74
91,78,73,54,85,81,70,67,54
95,78,75,56,94,84,73,76,69
87,83,89,56,83,80,79,66,53
91,85,82,64,96,71,77,65,52
100,65,81,62,80,69,71,68,66
87,78,70,63,80,84,84,68,58
83,82,79,58,100,67,75,69,59
91,73,73,70,98,65,80,74,53
84,84,70,58,95,83,85,78,70
99,73,73,69,98,80,86,84,73
86,75,85,58,93,82,86,74,75
92,77,87,58,92,71,69,65,54
98,85,90,70,95,73,78,65,63
84,78,70,53,86,67,87,77,59
98,83,84,53,93,72,85,72,71
85,79,90,62,98,84,79,79,74
81,82,76,64,84,82,78,74,69
83,77,76,69,100,84,78,75,70
96,84,75,69,91,75,68,66,52
83,80,87,58,86,71,80,76,75
92,85,75,58,92,75,71,70,70
85,75,71,59,89,82,84,65,51
99,73,70,60,91,68,71,77,53
80,73,83,56,96,77,69,65,63
81,75,86,51,81,68,79,76,66
98,85,74,51,86,68,84,70,62
94,65,88,63,84,66,77,83,69
87,83,78,55,91,82,78,76,70
100,68,85,51,87,78,78,80,73
83,69,73,60,97,83,80,72,73
89,65,75,51,86,75,75,84,75
85,83,73,67,95,69,87,77,59
93,78,71,70,95,84,71,73,68
98,85,76,61,100,75,83,83,72
91,73,79,60,91,78,71,83,62
97,78,85,63,82,78,77,70,66
92,71,75,54,93,72,77,75,71
90,70,75,52,97,69,77,79,54
95,72,76,58,95,83,77,85,70
93,82,84,62,100,80,79,79,70
84,80,81,61,80,67,75,84,56
93,77,72,62,88,76,78,68,63
87,85,81,55,93,70,68,81,67
96,71,86,63,88,76,83,73,70
82,65,80,62,83,67,82,79,54
96,66,89,52,86,82,86,84,72
85,83,90,54,86,77,80,80,73
87,84,77,50,88,67,76,85,53
87,68,77,67,84,70,87,84,63
99,82,80,50,97,67,80,70,61
93,76,88,54,89,78,78,68,61
93,66,76,62,87,68,87,81,51
81,73,81,55,87,83,77,68,70
86,66,78,58,92,74,79,70,71
89,75,72,54,82,75,70,79,56
85,81,85,67,80,73,75,76,50
81,70,75,69,81,69,81,65,62
94,84,79,69,96,76,83,68,57
81,71,90,62,97,85,80,84,70
100,78,89,61,95,79,70,69,69
84,78,87,69,82,76,81,70,63
98,83,77,50,99,67,71,79,59
95,72,81,57,100,82,76,73,70
84,65,89,61,83,80,76,79,63
82,73,87,55,88,83,82,85,70
93,70,90,67,85,69,88,84,50
94,77,90,66,83,74,85,84,54
82,77,72,63,83,66,86,75,62
83,76,81,50,87,74,88,83,75
83,69,75,52,89,66,72,65,56
100,77,90,55,83,72,68,85,68
90,85,84,62,87,75,86,65,58
90,80,75,53,95,82,81,77,73
91,68,84,54,84,80,71,69,58
83,73,89,69,98,76,76,67,63
86,78,75,57,82,78,77,68,53
95,82,80,61,94,76,88,66,58
92,78,71,58,84,80,72,84,63
92,74,86,54,91,84,79,81,73
92,70,80,51,96,75,79,70,73
98,76,74,51,93,66,85,81,62
85,72,83,69,84,84,84,77,63
87,84,74,68,94,68,79,71,50
93,79,78,52,84,72,73,76,54
94,71,81,56,95,73,85,75,73
99,69,80,56,82,65,73,81,57
94,67,84,53,85,81,88,76,71
83,82,79,51,100,73,68,80,63
81,70,76,57,88,79,73,77,64
94,84,83,51,88,81,81,67,63
85,72,71,58,91,70,87,79,70
92,84,75,66,89,81,76,77,74
90,68,86,54,83,84,76,73,63
85,65,84,52,89,71,76,66,51
93,80,72,56,83,68,83,80,55
100,69,71,69,87,82,87,72,70
89,75,88,50,80,67,88,66,50
92,84,85,51,100,83,88,85,73
85,82,80,51,88,78,87,70,75
82,69,87,67,100,66,69,69,64
96,66,82,56,84,79,79,74,50
86,66,87,57,98,66,81,77,56
85,66,73,66,84,80,68,78,53
88,78,78,65,81,80,69,67,68
82,66,88,63,98,65,86,84,63
84,78,86,59,85,73,68,84,64
94,82,77,67,95,68,82,84,60
99,81,89,57,93,67,76,68,62
90,76,85,54,100,67,73,67,62
91,72,77,70,98,67,85,78,53
95,84,70,63,90,78,71,68,70
97,79,89,65,94,85,87,81,73
96,77,85,55,94,65,84,76,52
87,71,76,56,95,82,71,79,57
97,78,75,67,84,85,79,74,57
91,65,75,62,92,65,84,82,64
94,72,87,67,83,74,87,73,64
94,82,80,56,94,83,88,78,75
87,66,82,56,90,65,82,67,64
86,68,78,61,93,73,80,74,71
80,77,75,59,92,73,71,82,53
100,81,87,70,92,83,82,85,70
97,65,81,51,97,82,83,67,66
93,69,78,64,88,81,72,72,70
100,74,71,61,91,84,68,69,67
81,81,80,66,90,65,75,85,67
92,84,70,59,81,85,73,79,51
81,74,87,69,93,65,81,77,67
88,80,87,61,86,74,77,82,74
93,70,78,70,81,66,70,83,60
87,83,70,52,90,71,84,75,75
97,84,85,65,93,82,68,72,52
93,70,73,56,100,66,68,65,54
82,77,74,63,96,82,70,69,67
99,85,90,53,96,80,71,84,58
100,82,86,63,81,83,81,80,59
97,67,78,50,95,78,78,76,70
80,84,81,61,83,72,85,67,59
86,65,72,53,98,71,81,82,74
89,85,75,62,84,85,68,71,60
82,84,83,59,88,72,78,67,61
97,84,80,63,98,69,82,77,61
89,75,82,53,99,77,75,82,73
96,79,75,54,82,73,75,80,69
92,74,80,58,89,66,69,74,59
93,69,81,65,88,81,75,69,65
92,81,75,54,80,69,75,80,66
96,85,85,67,80,77,86,66,68
100,69,88,57,85,72,72,74,56
96,67,86,67,87,81,77,66,66
84,81,87,54,99,81,84,79,71
95,73,85,64,95,84,88,76,73
88,66,77,57,100,75,78,79,73
80,73,85,61,100,68,73,66,68
86,65,79,50,93,74,88,68,54
81,67,83,54,95,72,87,84,75
99,74,72,63,99,70,87,83,72
80,69,70,62,95,67,83,83,50
88,71,81,58,88,68,84,77,66
92,84,77,52,93,70,71,79,53
88,85,88,67,100,67,85,79,63
86,74,90,64,80,70,73,84,56
90,68,90,60,87,70,88,73,71
96,68,77,63,91,74,85,85,73
96,77,87,63,83,71,88,84,51
81,65,85,64,92,84,68,74,69
83,67,83,54,99,74,70,67,59
92,73,90,57,89,83,82,69,63
100,82,86,53,98,82,87,71,75
95,72,89,68,81,84,85,75,60
92,68,77,50,81,68,68,85,62
99,79,72,58,94,69,69,68,62
84,70,79,62,80,85,68,80,66
93,78,90,58,100,65,88,69,63
93,74,88,51,83,74,76,75,62
83,76,72,68,83,67,81,67,63
89,65,71,69,87,81,77,85,74
90,76,70,58,89,84,75,69,66
89,69,76,55,80,69,72,85,70
95,67,82,66,81,80,82,80,69
90,67,84,51,84,81,88,70,70
87,72,77,67,98,85,76,77,71
93,76,82,60,96,70,75,82,70
89,70,75,67,96,75,86,66,68
89,74,82,60,80,75,73,78,52
82,65,79,65,83,71,84,84,60
81,75,83,59,90,78,74,82,55
82,79,80,59,96,80,83,79,72
81,84,75,60,98,73,83,82,74
100,77,73,58,82,74,74,79,68
94,77,70,69,89,84,79,67,64
94,76,79,66,89,83,79,74,72
88,83,79,51,88,80,76,73,74
80,81,71,60,100,83,70,75,54
88,67,77,58,96,77,73,77,68
90,83,89,68,92,68,79,81,55
81,69,77,62,91,72,79,85,75
97,66,80,65,91,82,87,68,68
90,79,82,58,92,84,70,76,54
96,77,72,65,91,67,71,73,69
99,72,73,59,87,65,85,79,57
84,65,79,59,85,80,82,68,52
92,76,81,60,95,80,84,81,71
84,85,75,52,85,73,85,80,75
99,80,84,57,87,65,74,65,55
100,77,89,58,87,80,77,75,72
92,77,86,64,97,67,72,74,59
98,80,79,68,95,83,71,65,61
99,84,77,63,93,75,87,73,72
98,73,71,61,91,74,78,70,71
81,85,88,56,96,83,88,68,61
93,65,84,57,91,81,80,65,67
84,70,77,64,97,79,82,65,64
98,75,85,56,84,75,68,67,54
93,80,71,53,95,73,83,71,75
99,73,85,68,91,65,87,84,58
96,85,88,69,91,80,80,76,70
100,73,85,60,83,68,80,72,53
97,75,89,55,97,66,72,65,60
87,71,77,56,88,73,82,67,60
87,70,74,64,81,82,87,65,69
80,67,89,63,85,70,81,77,73
89,75,72,62,86,83,87,72,75
90,85,89,53,96,74,73,74,55
86,85,83,55,99,81,78,68,51
82,69,84,57,83,80,74,70,58
95,76,80,70,99,75,87,67,56
99,66,87,64,88,74,85,72,74
91,76,88,56,82,67,69,66,54
92,81,73,64,95,76,81,67,65
85,67,74,64,93,73,83,78,74
92,75,76,50,82,79,82,69,64
97,76,78,63,97,73,83,85,73
87,75,77,62,83,82,73,72,59
90,75,70,65,99,81,87,73,72
96,79,72,66,80,73,71,69,58
90,76,73,51,88,74,79,75,73
83,73,76,58,90,84,74,71,56
95,83,78,66,83,74,85,67,56
100,65,86,65,96,80,88,70,75
90,72,70,60,90,81,69,66,62
97,69,90,54,87,74,72,85,61
87,79,75,51,93,76,68,66,62
90,65,80,65,95,85,77,72,71
97,68,75,54,83,73,76,82,70
81,83,72,56,82,78,88,75,68
90,82,87,50,99,78,73,85,58
96,72,84,65,100,80,85,75,72
86,74,74,50,93,85,68,74,62
95,72,79,64,91,67,84,77,70
81,75,76,63,84,83,74,78,68
85,74,76,52,97,65,85,79,61
96,84,86,57,97,77,83,82,70
98,85,75,61,80,67,85,69,60
91,70,74,67,89,76,80,67,50
97,71,84,62,100,77,69,74,51
91,66,75,70,86,71,85,73,73
90,66,77,62,81,66,81,79,61
82,70,86,56,83,83,86,81,69
89,77,83,58,99,65,87,66,64
99,79,85,52,81,79,83,69,60
90,81,85,63,97,72,74,73,68
82,76,78,50,91,83,85,78,71
99,75,86,56,94,65,82,66,56
86,81,80,69,89,83,71,75,55
94,77,74,55,82,75,70,75,66
87,68,78,51,81,72,80,80,55
87,67,90,64,83,66,69,66,59
94,65,80,63,100,66,75,65,53
96,84,80,57,85,75,75,77,75
98,67,88,54,80,84,80,84,69
88,70,77,56,97,83,83,83,71
85,70,71,70,81,67,86,73,57
100,71,84,55,85,69,74,80,54
80,65,79,66,86,71,83,75,74
85,70,72,60,85,66,69,76,50
92,72,81,59,86,75,68,67,52
81,83,70,52,83,81,87,75,61
85,82,87,61,86,69,72,73,69
99,82,89,55,88,76,71,74,70
94,65,73,61,80,74,84,85,59
96,81,70,57,94,71,69,72,67
81,83,71,58,100,68,84,77,64
94,81,77,67,85,65,86,72,61
85,75,87,64,84,85,88,76,64
85,66,90,66,86,67,85,65,69
89,66,79,64,94,69,88,68,70
97,78,73,56,90,65,79,65,66
87,79,89,51,90,84,80,68,59
94,82,90,56,99,74,76,72,72
86,73,85,68,97,68,68,79,53
89,83,70,58,80,72,73,75,68
96,66,80,58,81,79,80,78,50
93,76,71,70,96,69,86,84,55
82,66,82,50,90,66,69,73,53
84,68,79,61,91,83,72,84,52
80,75,72,70,82,67,85,78,58
99,85,73,57,87,70,74,68,61
81,69,71,64,97,83,83,66,65
94,70,75,58,88,68,84,68,62
87,77,86,67,94,82,86,72,71
84,77,89,66,91,75,86,69,62
81,73,84,55,97,77,69,85,55
90,66,79,52,84,82,72,72,51
86,75,78,70,83,81,71,70,59
83,66,79,51,98,71,71,72,57
90,75,70,63,90,72,78,85,71
92,85,77,65,94,85,81,65,50
91,69,84,55,88,80,69,85,62
80,76,73,54,87,67,68,67,55
81,85,80,51,89,82,68,76,55
92,82,73,59,97,85,81,73,71
83,80,79,50,83,75,78,72,59
100,78,80,67,81,84,68,81,52
99,80,81,51,99,66,69,79,61
88,80,88,64,98,85,82,65,61
91,68,79,55,97,79,88,69,63
96,81,70,57,86,85,82,71,74
91,74,79,66,91,68,79,65,60
94,68,74,65,93,73,78,81,73
80,69,72,68,84,69,72,77,67
100,69,76,51,95,72,73,72,52
93,65,71,55,84,82,69,72,61
94,69,86,58,99,73,86,83,73
99,79,88,52,91,80,71,67,64
80,85,75,67,86,81,86,76,74
98,81,89,70,99,85,78,84,72
84,77,70,62,93,79,76,72,71
88,68,81,61,91,84,76,81,74
90,83,81,62,99,65,78,85,51
89,81,73,61,83,82,86,83,67
83,73,71,51,83,85,82,65,51
85,78,80,65,85,78,88,77,74
80,71,70,51,95,71,70,67,69
88,75,74,70,100,73,82,81,75
91,71,79,63,98,79,73,82,52
97,65,82,67,99,81,81,72,70
99,68,78,64,100,73,87,67,68
86,81,71,51,91,71,79,85,73
88,76,81,59,84,80,83,85,69
85,82,86,53,88,85,69,68,67
96,72,82,51,85,72,68,78,67
95,69,71,59,84,74,82,77,61
97,68,71,58,88,85,75,81,72
86,79,88,63,87,79,74,85,57
85,65,70,55,94,69,83,73,62
82,84,88,62,95,69,78,85,65
85,79,75,53,96,80,86,76,70
90,71,79,69,83,85,82,83,66
84,81,82,55,100,84,68,67,61
80,73,90,51,86,69,82,82,70
100,80,80,59,81,70,84,70,56
86,79,78,54,86,84,75,85,70
95,81,70,67,99,67,86,68,70
88,75,83,61,87,70,86,75,74
98,69,88,54,97,82,82,71,70
82,67,70,60,99,76,75,69,51
85,77,80,51,97,69,69,85,70
99,83,86,54,98,75,70,81,57
92,81,80,58,86,69,81,72,65
80,78,70,69,83,68,69,82,70
85,80,72,69,91,69,88,79,56
90,75,72,51,81,68,73,66,69
99,73,72,50,94,67,72,83,55
84,85,90,60,82,68,72,81,64
90,77,83,59,94,66,77,80,63
92,70,83,69,88,65,73,71,56
91,74,79,57,98,81,75,78,72
84,75,84,63,95,73,85,74,74
97,68,75,57,87,76,86,65,56
82,74,90,69,92,77,78,69,53
87,80,90,64,88,65,72,82,52
91,73,77,60,82,80,73,82,57
95,80,75,67,86,65,79,70,59
89,72,74,68,84,82,70,78,59
94,79,74,68,99,75,76,67,62
88,82,87,67,86,78,79,70,75
97,79,77,65,88,75,81,68,63
86,74,77,56,86,73,85,82,74
91,85,81,59,91,69,68,84,50
94,80,78,57,88,66,88,81,67
97,67,75,50,84,82,85,68,70
88,70,87,68,84,84,71,74,69
82,68,73,61,98,84,81,77,74
94,85,82,57,87,67,68,76,51
84,73,78,54,94,71,70,80,65
80,78,89,60,87,68,69,78,60
100,75,90,68,90,77,85,67,53
100,82,85,57,98,83,80,75,70
90,78,75,66,96,78,70,74,55
92,83,75,57,86,68,70,74,59
88,70,72,60,93,68,83,72,60
93,79,77,70,100,69,86,81,65
90,81,72,51,87,67,72,76,67
100,71,70,51,80,74,86,82,56
83,85,77,54,96,76,69,69,62
86,68,75,70,84,68,82,77,69
88,82,79,53,100,76,78,70,72
82,72,89,66,82,84,82,83,58
85,65,80,69,93,67,85,78,60
89,80,86,67,96,70,82,78,70
85,84,83,61,99,84,72,82,67
81,65,90,55,82,78,73,76,57
92,69,88,65,86,76,82,78,71
95,73,77,51,87,80,68,72,64
98,68,82,58,80,65,83,68,69
85,83,76,58,82,72,73,76,58
85,83,72,65,90,76,75,77,75
96,80,73,51,91,77,68,77,55
86,66,73,58,80,65,70,76,52
89,71,77,68,83,82,73,78,59
98,76,86,66,88,81,72,77,70
100,70,82,66,99,73,68,74,59
93,81,90,57,89,80,80,67,65
92,81,85,67,85,75,81,81,73
88,74,75,60,97,84,70,76,52
100,80,89,56,91,82,85,78,75
97,83,79,50,84,81,83,83,64
87,65,88,69,100,74,83,81,72
100,68,77,54,90,74,84,67,61
84,74,77,51,100,69,79,81,55
98,82,87,55,98,68,69,82,54
87,74,83,50,86,68,77,85,60
83,67,88,59,81,80,88,69,69
90,68,71,54,92,73,81,85,74
81,77,83,66,94,67,82,84,52
96,74,82,52,83,76,86,72,70
100,76,75,64,85,83,88,65,70
86,78,83,69,82,70,71,85,69
96,69,85,70,97,83,80,84,74
100,70,71,53,93,65,88,80,61
100,78,87,64,95,84,85,76,70
87,82,77,63,88,83,76,77,71
97,65,75,62,88,83,81,85,71
81,72,85,60,84,75,86,85,64
83,71,83,55,94,77,71,75,57
99,74,81,50,90,71,69,83,62
82,75,76,62,95,82,82,72,71
95,74,76,69,84,69,78,81,69
86,75,76,55,99,83,85,72,73
100,79,75,50,95,67,71,80,58
86,79,83,68,93,67,68,83,67
93,72,88,59,84,76,78,67,54
80,85,77,62,85,78,81,80,74
100,82,88,66,91,70,88,68,60
100,75,78,51,99,83,71,67,64
95,78,81,53,81,77,70,83,51
96,67,74,62,98,75,68,66,59
85,74,75,65,97,75,75,83,75
99,81,76,53,89,70,77,75,75
97,82,80,61,80,74,73,70,69
100,75,82,59,88,72,76,72,72
94,67,72,63,81,72,73,83,66
82,68,80,52,91,75,72,76,62
92,75,82,68,84,78,73,72,57
85,67,77,62,87,85,70,67,58
85,68,84,53,90,77,71,73,52
83,71,72,62,84,76,87,72,59
97,82,76,60,100,72,74,75,59
84,66,86,61,83,69,79,74,65
84,70,81,50,84,72,76,78,51
81,81,74,62,99,81,74,77,62
81,66,70,58,97,72,87,70,71
88,67,87,60,90,70,76,73,72
93,81,82,52,96,75,85,76,70
87,82,84,68,90,76,87,67,65
82,66,89,64,89,79,82,66,61
81,77,72,57,87,72,77,81,72
82,75,80,60,93,73,81,67,70
80,79,74,51,84,69,74,67,53
80,70,74,70,89,76,70,65,54
82,75,88,58,86,81,81,77,70
89,72,84,63,81,83,78,65,50
99,79,84,59,83,81,79,73,69
85,85,80,64,98,82,69,71,58
97,66,80,58,98,72,81,75,73
98,71,72,63,88,82,73,67,68
83,80,88,51,94,78,79,83,72
99,67,89,53,100,65,73,74,66
85,85,79,52,96,71,81,75,74
84,66,72,50,80,72,80,69,67
84,85,74,62,86,73,77,68,65
89,68,86,68,83,72,76,74,53
95,65,79,54,91,75,68,77,57
89,77,73,68,99,75,83,65,58
100,67,70,67,96,78,69,74,55
90,78,82,69,96,72,70,75,52
95,74,78,58,95,67,75,65,55
83,67,72,51,94,85,68,77,67
98,82,82,68,82,75,81,84,55
85,82,74,63,85,72,85,73,74
81,73,79,54,91,70,70,68,66
97,85,76,62,99,66,71,74,66
92,83,84,67,82,81,87,79,50
88,74,77,64,84,78,81,72,58
84,80,86,68,99,65,73,66,62
89,80,90,61,88,80,74,67,70
94,75,85,51,95,84,80,79,73
86,82,77,58,84,71,87,70,62
94,73,87,65,82,75,75,78,61
98,82,90,57,94,79,86,71,74
89,84,79,59,80,81,70,82,52
98,72,85,50,86,79,80,84,72
92,66,75,64,88,75,81,73,73
97,65,72,68,90,74,86,84,70
95,81,83,64,85,83,82,66,58
88,70,90,56,90,73,76,83,72
95,84,81,53,87,81,81,83,70
86,75,75,54,90,82,72,68,63
83,85,75,67,91,69,78,80,63
85,72,76,51,81,70,80,84,63
81,80,88,62,94,76,79,68,50
83,77,90,58,99,81,83,85,71
85,73,75,59,92,84,82,69,64
92,76,78,61,83,69,81,79,70
87,77,89,70,81,65,81,69,60
97,77,89,60,87,83,70,66,56
83,81,78,52,93,69,79,83,59
94,71,82,52,87,72,80,83,71
97,84,74,58,90,73,75,84,73
100,83,86,52,91,72,81,68,59
95,80,72,60,92,68,75,66,57
87,73,70,58,99,82,81,81,73
93,67,74,67,80,65,69,85,65
89,85,70,66,91,78,75,77,73
95,81,74,65,91,79,80,69,54
80,80,87,58,99,65,77,75,58
88,68,77,57,99,69,82,83,55
89,66,82,52,81,73,84,80,70
87,69,74,68,100,72,83,82,72
95,76,87,58,85,69,82,85,65
92,69,72,54,90,80,84,73,74
91,75,89,69,90,75,75,80,72
80,68,85,65,97,71,76,65,52
85,70,71,60,100,68,87,85,62
80,65,81,68,94,76,80,66,57
100,67,71,67,92,74,86,76,75
93,68,87,65,89,82,70,66,55
93,84,71,51,83,76,84,84,65
94,84,77,58,92,84,82,80,74
91,78,81,60,91,83,85,73,73
96,68,86,59,88,66,74,70,70
84,69,88,68,100,85,82,71,74
81,71,78,61,87,65,68,67,54
90,78,78,70,80,76,70,74,61
91,76,82,67,90,75,81,79,75
98,73,80,67,86,82,80,85,73
93,77,86,52,81,81,77,65,56
93,75,74,61,84,80,78,69,51
